create table
  public.appointment_statuses (
    id bigint generated by default as identity not null,
    title character varying(4000) null,
    constraint appointment_statuses_pkey primary key (id)
  ) tablespace pg_default;
INSERT INTO "public"."appointment_statuses" ("id", "title") VALUES ('1', 'Новая'), ('2', 'Отменена'), ('3', 'Завершена');

create table
  public.appointments (
    id bigint generated by default as identity not null,
    patient_id bigint null,
    doctor_schedule_id bigint null default '1'::bigint,
    appointment_status_id bigint null,
    constraint appointments_pkey primary key (id),
    constraint appointments_appointment_status_id_fkey foreign key (appointment_status_id) references appointment_statuses (id) on update cascade on delete cascade,
    constraint appointments_doctor_schedule_id_fkey foreign key (doctor_schedule_id) references doctor_schedules (id) on update cascade on delete cascade,
    constraint appointments_patient_id_fkey foreign key (patient_id) references patients (id) on update cascade on delete cascade
  ) tablespace pg_default;
INSERT INTO "public"."appointments" ("id", "patient_id", "doctor_schedule_id", "appointment_status_id") VALUES ('1', '12', '25', '1'), ('2', '12', '25', '1'), ('3', '12', '25', '1'), ('4', '12', '25', '1'), ('5', '12', '23', '1'), ('6', '12', '25', '1'), ('7', '12', '22', '2'), ('8', '12', '20', '1'), ('9', '12', '13', '1'), ('10', '12', '30', '1'), ('11', '12', '21', '1'), ('12', '13', '33', '1'), ('16', '12', '34', '1');

create table
  public.cabinets (
    id bigint generated by default as identity not null,
    title character varying(4000) null,
    floor bigint null,
    constraint cabinets_pkey primary key (id)
  ) tablespace pg_default;
INSERT INTO "public"."cabinets" ("id", "title", "floor") VALUES ('1', '101', '1'), ('2', '102', '1'), ('3', '103', '1');

create table
  public.diseases_history (
    id bigint generated by default as identity not null,
    doctor_id bigint null,
    type_of_payment_id bigint null,
    diagnosis character varying(4000) null,
    treatment_result_id bigint null,
    visit_purpose_id bigint null,
    date date null,
    patient_id bigint null,
    constraint diseases_history_pkey primary key (id),
    constraint diseases_history_doctor_id_fkey foreign key (doctor_id) references doctors (id) on update cascade on delete cascade,
    constraint diseases_history_patient_id_fkey foreign key (patient_id) references patients (id) on update cascade on delete cascade,
    constraint diseases_history_treatment_result_id_fkey foreign key (treatment_result_id) references treatment_results (id) on update cascade on delete cascade,
    constraint diseases_history_type_of_payment_id_fkey foreign key (type_of_payment_id) references types_of_payment (id) on update cascade on delete cascade,
    constraint diseases_history_visit_purpose_id_fkey foreign key (visit_purpose_id) references visit_purposes (id) on update cascade on delete cascade
  ) tablespace pg_default;
INSERT INTO "public"."diseases_history" ("id", "doctor_id", "type_of_payment_id", "diagnosis", "treatment_result_id", "visit_purpose_id", "date", "patient_id") VALUES ('1', '2', '1', 'Ррооррп', null, '1', '2024-11-02', null), ('2', '2', '1', 'Диагноз', null, '1', '2024-11-02', '12'), ('3', '2', '1', 'Диагноз', null, '1', '2024-11-02', '12'), ('4', '2', '1', 'Вылечился, наконец-то, выписываем этого парня', '2', '2', '2024-11-02', '12'), ('5', '2', '1', 'На СВО', null, '1', '2024-11-02', '12'), ('6', '2', '1', 'Все органы на месте, здоров', '1', '1', '2024-11-03', '13');

create table
  public.doctor_schedules (
    id bigint generated by default as identity not null,
    doctor_id bigint null,
    cabinet_id bigint null,
    time time without time zone null,
    date date null,
    constraint doctor_schedules_pkey primary key (id),
    constraint doctor_schedules_cabinet_id_fkey foreign key (cabinet_id) references cabinets (id) on update cascade on delete cascade,
    constraint doctor_schedules_doctor_id_fkey foreign key (doctor_id) references doctors (id) on update cascade on delete cascade
  ) tablespace pg_default;
INSERT INTO "public"."doctor_schedules" ("id", "doctor_id", "cabinet_id", "time", "date") VALUES ('7', '2', '3', '23:40:00', '2024-10-27'), ('8', '2', '1', '00:15:00', '2024-10-27'), ('9', '2', '3', '18:00:00', '2024-10-27'), ('10', '2', '3', '21:40:00', '2024-10-27'), ('11', '2', '1', '20:20:00', '2024-09-28'), ('12', '2', '2', '18:30:00', '2024-10-29'), ('13', '2', '3', '05:25:00', '2024-11-01'), ('14', '2', '1', '06:25:00', '2024-10-30'), ('15', '2', '2', '04:15:00', '2024-10-30'), ('16', '2', '3', '04:20:00', '2024-10-29'), ('17', '2', '1', '17:24:00', '2024-10-29'), ('19', '2', '3', '10:20:00', '2024-10-31'), ('20', '2', '3', '05:15:00', '2024-11-15'), ('21', '2', '1', '16:20:00', '2024-11-14'), ('22', '2', '1', '17:00:00', '2024-11-15'), ('23', '2', '2', '05:25:00', '2024-11-02'), ('24', '2', '2', '05:00:00', '2024-11-01'), ('25', '2', '1', '17:40:00', '2024-11-02'), ('28', '2', '2', '06:40:00', '2024-11-14'), ('29', '2', '3', '19:26:00', '2024-11-14'), ('30', '2', '1', '15:03:00', '2024-11-07'), ('31', '2', '3', '04:25:00', '2024-11-13'), ('32', '2', '1', '08:30:00', '2024-11-01'), ('33', '2', '2', '16:25:00', '2024-11-07'), ('34', '2', '2', '16:00:00', '2024-11-24');

create table
  public.doctors (
    id bigint generated by default as identity not null,
    user_id bigint null,
    specialization_id bigint null,
    licenze_number character varying(4000) null,
    constraint doctors_pkey primary key (id),
    constraint doctors_specialization_id_fkey foreign key (specialization_id) references specializations (id) on update cascade on delete cascade,
    constraint doctors_user_id_fkey foreign key (user_id) references users (id) on update cascade on delete cascade
  ) tablespace pg_default;
INSERT INTO "public"."doctors" ("id", "user_id", "specialization_id", "licenze_number") VALUES ('2', '68', '33', 'ЛО-77-01-015296');

create table
  public.passports (
    id bigint generated by default as identity not null,
    surname text null,
    name text null,
    lastname text null,
    date_of_birth date null,
    address_of_birth text null,
    series bigint null,
    code bigint null,
    sex boolean null,
    issue_date date null,
    issue_organization text null,
    department_code text null,
    constraint passports_pkey primary key (id)
  ) tablespace pg_default;
INSERT INTO "public"."passports" ("id", "surname", "name", "lastname", "date_of_birth", "address_of_birth", "series", "code", "sex", "issue_date", "issue_organization", "department_code") VALUES ('6', 'Нуркаев', 'Альфир', 'Харисович', '2005-01-19', 'Адрес', '5718', '812916', 'true', '2019-02-15', 'СТРАХОВАЯ КОМПАНИЯ', '039-560'), ('7', 'Нуркаев', 'Альфир', 'Харисович', '2005-01-19', 'с. Ишимово', '5718', '812916', 'true', '2019-02-15', 'ГУ МВД РОССИИ ПО ПЕРМСКОМУ КРАЮ', '560-032'), ('8', 'Bdbdbd', 'Jdjdjd', 'Dhdhdh', '2024-10-08', 'Dhdhdhdh', '4646', '656599', 'true', '2024-10-15', 'Bxbshshsdhd', '555-655'), ('9', 'Dhdhdhhdd', 'Dhdhdhd', 'Dhdhhdd', '2024-10-07', 'Hdhshdhdd', '6446', '464649', 'true', '2024-10-15', 'Gshshshdyd', '655-655'), ('10', 'Djjdjdjdjd', 'Djdjdjjddjdjjd', 'Djdjdjdjd', '2024-10-08', 'Hdhdhdhdhhd', '2264', '646499', 'true', '2024-10-10', 'Bxbxhdhdd', '654-464'), ('11', 'Нуркаев', 'Альфир', 'Харисович', '2005-01-07', 'Пермь', '5718', '812916', 'true', '2019-02-03', 'ГУ МВД РОССИИ ПО ПЕРМСКОМУ КРАЮ', '560-032'), ('12', 'Иванов', 'Иван', 'Иванович', '2000-10-17', 'Пермь ', '6564', '649449', 'true', '2014-10-23', 'ГУ МВД РОССИИ ПО ПЕРМСКОМУ КРАЮ', '597-564'), ('13', 'Hddjd', 'Dhdhd', 'Dhdhd', '2024-10-24', 'Hdbdhdhd', '6449', '656494', 'false', '2024-10-22', 'Vdbdhshshhsddhd', '646-659'), ('14', 'Cycygg', 'Ugffyc', 'Yfyftfxxt', '2024-10-24', 'Fugyfyf', '3828', '383825', 'false', '2024-10-15', 'Yccyc', '882-288'), ('15', 'Нуркаев', 'Альфир', 'Харисович', '2024-10-26', 'Пермь', '5718', '812916', 'true', '2024-10-28', 'ГУ МВД РОССИИ ПО ПЕРМСКОМУ КРАЮ', '608-599'), ('16', 'Алексеев', 'Иван', 'Андреевич', '1987-11-17', 'г. Казань', '5964', '659561', 'true', '2008-11-22', 'ГУ МВД РОССИИ ПО РЕСПУБЛИКЕ ТАТАРСТАН', '530-461'), ('17', 'fиатаоат', 'fуооууоо', 'gуоуоуо', '2024-11-09', 'fg', '2542', '545454', 'true', '2024-11-09', 'Сегодня пппвпрврввррв', '565-565');

create table
  public.patients (
    id bigint generated by default as identity not null,
    user_id bigint null,
    registration_address character varying(4000) null,
    live_address character varying(4000) null,
    policy character varying(4000) null,
    insurance_company character varying(4000) null,
    height bigint null,
    weight double precision null,
    constraint patients_pkey primary key (id),
    constraint patients_user_id_fkey foreign key (user_id) references users (id) on update cascade on delete cascade
  ) tablespace pg_default;
INSERT INTO "public"."patients" ("id", "user_id", "registration_address", "live_address", "policy", "insurance_company", "height", "weight") VALUES ('12', '71', 'Пермь', 'Пермь', '8888987745688749', 'Оаовоылыдвовов', '175', '67'), ('13', '72', 'г. Казань', 'г. Казань, ул. Вахитова 16, кв. 29', '6464941646484846', 'ООО "СТРАХУЙ"', '186', '90');

create table
  public.specializations (
    id bigint not null,
    title character varying(50) null,
    constraint specializations_pkey primary key (id)
  ) tablespace pg_default;
INSERT INTO "public"."specializations" ("id", "title") VALUES ('1', 'Акушер'), ('2', 'Аллерголог'), ('3', 'Врач иммунопрофилактики'), ('4', 'Врач общей практики'), ('5', 'Гастроэнтеролог'), ('6', 'Гематолог'), ('7', 'Гинеколог'), ('8', 'Дерматолог'), ('9', 'Детский стоматолог'), ('10', 'Инфекционист'), ('11', 'Кабинет раннего выявления заболеваний'), ('12', 'Кардиолог'), ('13', 'Кардиолог детский'), ('14', 'Колопроктолог'), ('15', 'Лечебная физкультура'), ('16', 'Лечебное дело'), ('17', 'Медицинский осмотр профилактический'), ('18', 'Нарколог'), ('19', 'Невролог'), ('20', 'Неотложная мед.помощь'), ('21', 'Нефролог'), ('22', 'Онколог'), ('23', 'Ортодонт'), ('24', 'Отоларинголог'), ('25', 'Отоларинголог-сурдолог'), ('26', 'Офтальмолог'), ('27', 'Психиатр'), ('28', 'Психиатр-нарколог'), ('29', 'Психотерапевт'), ('30', 'Пульмонолог'), ('31', 'Реабилитолог'), ('32', 'Ревматолог'), ('33', 'Рентгенолог'), ('34', 'Сосудистый хирург'), ('35', 'Стоматолог'), ('36', 'Стоматолог хирург'), ('37', 'Стоматолог-гигиенист'), ('38', 'Травматолог-ортопед'), ('39', 'Ультразвуковая диагностика'), ('40', 'Уролог'), ('41', 'Уролог детский'), ('42', 'Физиотерапевт'), ('43', 'Фтизиатр'), ('44', 'Функциональная диагностика'), ('45', 'Хирург'), ('46', 'Хирург детский'), ('47', 'Эндокринолог'), ('48', 'Эндокринолог детский'), ('49', 'Эндоскопист');

create table
  public.treatment_results (
    id bigint not null,
    title character varying(50) null,
    constraint treatment_results_pkey primary key (id)
  ) tablespace pg_default;
INSERT INTO "public"."treatment_results" ("id", "title") VALUES ('1', 'Без изменения'), ('2', 'Выздоровление');

create table
  public.types_of_payment (
    id bigint not null,
    title character varying(50) null,
    constraint types_of_payment_pkey primary key (id)
  ) tablespace pg_default;
INSERT INTO "public"."types_of_payment" ("id", "title") VALUES ('1', 'ОМС'), ('2', 'МБТ (СЗЗ)');

create table
  public.users (
    id bigint generated by default as identity not null,
    email character varying(4000) null,
    password character varying(4000) null,
    passport_id bigint null,
    constraint users_pkey primary key (id),
    constraint users_passport_id_fkey foreign key (passport_id) references passports (id) on update cascade on delete cascade
  ) tablespace pg_default;
INSERT INTO "public"."users" ("id", "email", "password", "passport_id") VALUES ('62', 'admin@gmail.com', 'admin123', null), ('63', '', '', null), ('65', 'jdhdhdh@hdhdhdhd.jdjd', 'Jdhdhdhdd', null), ('68', 'doctor@gmail.com', 'doctor123', '12'), ('71', 'alfirka@gmail.com', 'Nurkaev777', '15'), ('72', 'alfirka_test@gmail.com', 'password', '16');

create table
  public.visit_purposes (
    id bigint not null,
    title character varying(50) null,
    constraint visit_purposes_pkey primary key (id)
  ) tablespace pg_default;
INSERT INTO "public"."visit_purposes" ("id", "title") VALUES ('1', 'Первично'), ('2', 'Вторично');
